date,path,count,uniques
2026-09-28,"/minodisk/riffle",20,3
2026-09-28,"/minodisk/riffle/pull/182",2,2
2026-09-28,"/minodisk/riffle/pull/270",2,2
2026-09-28,"/minodisk/riffle/pull/290",2,1
2026-09-28,"/minodisk/riffle/pull/339",4,1
2026-09-28,"/minodisk/riffle/pull/348",7,1
2026-09-28,"/minodisk/riffle/pull/365",5,1
2026-09-28,"/minodisk/riffle/pull/377",5,1
2026-09-28,"/minodisk/riffle/pulls",26,3
2026-09-28,"/minodisk/riffle/releases",14,2
2026-09-29,"/minodisk/riffle",20,3
2026-09-29,"/minodisk/riffle/pull/182",2,2
2026-09-29,"/minodisk/riffle/pull/270",2,2
2026-09-29,"/minodisk/riffle/pull/290",2,1
2026-09-29,"/minodisk/riffle/pull/339",4,1
2026-09-29,"/minodisk/riffle/pull/348",7,1
2026-09-29,"/minodisk/riffle/pull/365",5,1
2026-09-29,"/minodisk/riffle/pull/377",5,1
2026-09-29,"/minodisk/riffle/pulls",26,3
2026-09-29,"/minodisk/riffle/releases",14,2
2026-09-30,"/minodisk/riffle",30,5
2026-09-30,"/minodisk/riffle/blob/main/docs/cameras.md",4,1
2026-09-30,"/minodisk/riffle/pull/339",4,1
2026-09-30,"/minodisk/riffle/pull/348",7,1
2026-09-30,"/minodisk/riffle/pull/365",5,1
2026-09-30,"/minodisk/riffle/pull/377",7,1
2026-09-30,"/minodisk/riffle/pull/431",4,1
2026-09-30,"/minodisk/riffle/pull/506",6,1
2026-09-30,"/minodisk/riffle/pulls",40,3
2026-09-30,"/minodisk/riffle/releases",14,2
2026-10-01,"/minodisk/riffle",33,6
2026-10-01,"/minodisk/riffle/blob/main/docs/cameras.md",7,1
2026-10-01,"/minodisk/riffle/pull/339",4,1
2026-10-01,"/minodisk/riffle/pull/348",7,1
2026-10-01,"/minodisk/riffle/pull/365",5,1
2026-10-01,"/minodisk/riffle/pull/377",7,1
2026-10-01,"/minodisk/riffle/pull/431",4,1
2026-10-01,"/minodisk/riffle/pull/506",6,1
2026-10-01,"/minodisk/riffle/pulls",41,4
2026-10-01,"/minodisk/riffle/releases",14,2
2026-10-02,"/minodisk/riffle",36,6
2026-10-02,"/minodisk/riffle/blob/main/docs/cameras.md",8,1
2026-10-02,"/minodisk/riffle/pull/348",7,1
2026-10-02,"/minodisk/riffle/pull/365",5,1
2026-10-02,"/minodisk/riffle/pull/377",7,1
2026-10-02,"/minodisk/riffle/pull/506",6,1
2026-10-02,"/minodisk/riffle/pull/552",6,1
2026-10-02,"/minodisk/riffle/pull/644",5,1
2026-10-02,"/minodisk/riffle/pulls",46,4
2026-10-02,"/minodisk/riffle/releases",14,2
2026-10-03,"/minodisk/riffle",36,6
2026-10-03,"/minodisk/riffle/blob/main/docs/cameras.md",8,1
2026-10-03,"/minodisk/riffle/pull/348",7,1
2026-10-03,"/minodisk/riffle/pull/365",5,1
2026-10-03,"/minodisk/riffle/pull/377",7,1
2026-10-03,"/minodisk/riffle/pull/506",6,1
2026-10-03,"/minodisk/riffle/pull/552",6,1
2026-10-03,"/minodisk/riffle/pull/644",5,1
2026-10-03,"/minodisk/riffle/pulls",47,4
2026-10-03,"/minodisk/riffle/releases",11,2
2026-10-04,"/minodisk/riffle",36,6
2026-10-04,"/minodisk/riffle/blob/main/docs/cameras.md",8,1
2026-10-04,"/minodisk/riffle/pull/348",7,1
2026-10-04,"/minodisk/riffle/pull/365",5,1
2026-10-04,"/minodisk/riffle/pull/377",7,1
2026-10-04,"/minodisk/riffle/pull/506",6,1
2026-10-04,"/minodisk/riffle/pull/552",6,1
2026-10-04,"/minodisk/riffle/pull/644",5,1
2026-10-04,"/minodisk/riffle/pulls",46,3
2026-10-04,"/minodisk/riffle/releases",10,2
2026-10-05,"/minodisk/riffle",39,8
2026-10-05,"/minodisk/riffle/blob/main/docs/cameras.md",8,1
2026-10-05,"/minodisk/riffle/pull/348",7,1
2026-10-05,"/minodisk/riffle/pull/365",5,1
2026-10-05,"/minodisk/riffle/pull/377",7,1
2026-10-05,"/minodisk/riffle/pull/506",6,1
2026-10-05,"/minodisk/riffle/pull/552",6,1
2026-10-05,"/minodisk/riffle/pull/644",5,1
2026-10-05,"/minodisk/riffle/pulls",49,3
2026-10-05,"/minodisk/riffle/releases",10,2
2026-10-06,"/minodisk/riffle",39,8
2026-10-06,"/minodisk/riffle/blob/main/docs/cameras.md",8,1
2026-10-06,"/minodisk/riffle/pull/348",7,1
2026-10-06,"/minodisk/riffle/pull/365",5,1
2026-10-06,"/minodisk/riffle/pull/377",7,1
2026-10-06,"/minodisk/riffle/pull/506",6,1
2026-10-06,"/minodisk/riffle/pull/552",6,1
2026-10-06,"/minodisk/riffle/pull/644",5,1
2026-10-06,"/minodisk/riffle/pulls",50,2
2026-10-06,"/minodisk/riffle/releases",9,1
2026-10-07,"/minodisk/riffle",30,8
2026-10-07,"/minodisk/riffle/blob/main/README.ja.md",4,1
2026-10-07,"/minodisk/riffle/blob/main/docs/cameras.md",8,1
2026-10-07,"/minodisk/riffle/pull/365",4,1
2026-10-07,"/minodisk/riffle/pull/377",7,1
2026-10-07,"/minodisk/riffle/pull/506",6,1
2026-10-07,"/minodisk/riffle/pull/552",6,1
2026-10-07,"/minodisk/riffle/pull/644",5,1
2026-10-07,"/minodisk/riffle/pulls",33,2
2026-10-07,"/minodisk/riffle/tree/main/docs",5,1
