date,referrer,count,uniques
2026-09-28,"github.com",4,3
2026-09-29,"github.com",4,3
2026-09-30,"Google",2,2
2026-09-30,"github.com",8,4
2026-10-01,"Google",2,2
2026-10-01,"github.com",10,5
2026-10-02,"Google",2,2
2026-10-02,"github.com",10,5
2026-10-03,"Google",2,2
2026-10-03,"github.com",9,4
2026-10-04,"Google",2,2
2026-10-04,"github.com",10,4
2026-10-05,"Google",2,2
2026-10-05,"github.com",12,5
2026-10-06,"Google",2,2
2026-10-06,"github.com",11,5
2026-10-07,"Google",2,2
2026-10-07,"github.com",11,5
2026-10-08,"Google",2,2
2026-10-08,"github.com",11,5
2026-10-08,"marcrphoto.wordpress.com",9,9
2026-10-08,"wordpress.com",1,1
2026-10-09,"Google",2,2
2026-10-09,"github.com",11,5
2026-10-09,"marcrphoto.wordpress.com",14,12
2026-10-09,"wordpress.com",1,1
2026-10-10,"Google",2,2
2026-10-10,"github.com",12,6
2026-10-10,"marcrphoto.wordpress.com",23,14
2026-10-10,"wordpress.com",1,1
